生产车间,抽检单号,样品编号,品种等级,供应单位,批号,取样日期,检测日期,取样基数(t),取样人,样品到期处理日期,样品到期处理人,样品到期处理批准人,推荐掺量(%),pH值,减水率(%),含气量(%),抗压强度比3d,抗压强度比7d,抗压强度比28d,泌水率比(%),初凝时间差△T(min),终凝时间差△T(min),备注,检测人,录入时间
长寿站,007141800001,007141800001,聚羧酸高性能减水剂-缓凝型,江苏苏博特新材料股份有限公司,201801-0035,2018-01-03 10:02:45,2018-01-03 00:00:00,36,朱多,,,,1.5,6.9,33.8,,,155,144,,175,215,,龙霞,2018-03-19 13:44:40
长寿站,007141800002,007141800002,聚羧酸高性能减水剂-缓凝型,江苏苏博特新材料股份有限公司,201801-0382,2018-01-10 10:25:29,2018-01-10 00:00:00,36,朱多,,,,1.5,6.4,31.7,,,154,143,,135,225,,龙霞,2018-03-19 13:45:59
长寿站,007141800003,007141800003,聚羧酸高性能减水剂-缓凝型,江苏苏博特新材料股份有限公司,201801-0568,2018-01-14 06:12:16,2018-01-14 00:00:00,36,朱多,,,,1.5,6.4,31.7,,,154,143,,110,240,,龙霞,2018-03-19 13:46:32
长寿站,007141800004,007141800004,聚羧酸高性能减水剂-缓凝型,江苏苏博特新材料股份有限公司,201801-0667,2018-01-17 18:39:34,2018-01-17 00:00:00,36,朱多,,,,1.5,5.8,29.5,,,153,141,,155,225,,龙霞,2018-03-19 13:46:47
长寿站,007141800005,007141800005,聚羧酸高性能减水剂-缓凝型,江苏苏博特新材料股份有限公司,201801-0708,2018-01-20 10:21:37,2018-01-20 00:00:00,36,朱多,,,,1.5,5.8,29.5,,,153,141,,135,220,,龙霞,2018-03-19 13:51:24
长寿站,007141800006,007141800006,聚羧酸高性能减水剂-缓凝型,江苏苏博特新材料股份有限公司,201801-0986,2018-01-24 09:39:42,2018-01-24 00:00:00,37,朱多,,,,1.5,6.1,30.5,,,153,142,,175,245,,龙霞,2018-03-19 13:47:28
长寿站,007141800007,007141800007,聚羧酸高性能减水剂-缓凝型,江苏苏博特新材料股份有限公司,201801-1323,2018-01-31 08:39:54,2018-01-31 00:00:00,36,朱多,,,,1.5,5.6,28.4,,,152,140,,170,215,,龙霞,2018-03-19 13:47:55
长寿站,007141800008,007141800008,聚羧酸高性能减水剂-缓凝型,江苏苏博特新材料股份有限公司,201802-0168,2018-02-07 10:07:15,2018-02-07 00:00:00,37,朱多,,,,1.5,5.6,28.4,,,152,140,,150,220,,龙霞,2018-03-19 13:51:44
长寿站,007141800009,007141800009,聚羧酸高性能减水剂-缓凝型,江苏苏博特新材料股份有限公司,201802-0269,2018-02-11 07:47:06,2018-02-11 00:00:00,36,杨帆,,,,1.5,5.8,29.4,,,152,141,,115,245,,龙霞,2018-03-19 13:49:23
长寿站,007141800010,007141800010,聚羧酸高性能减水剂-缓凝型,江苏苏博特新材料股份有限公司,201803-0046,2018-03-07 08:17:35,2018-03-07 00:00:00,36,杨帆,,,,1.5,6,30.2,,,153,141,,115,215,,龙霞,2018-03-19 13:49:46
长寿站,007141800011,007141800011,聚羧酸高性能减水剂-缓凝型,江苏苏博特新材料股份有限公司,201803-0146,2018-03-11 09:20:14,2018-03-11 00:00:00,36,杨帆,,,,1.5,6.6,32.6,,,155,143,,125,250,,龙霞,2018-04-28 16:25:19
长寿站,007141800012,007141800012,聚羧酸高性能减水剂-缓凝型,江苏苏博特新材料股份有限公司,201803-0346,2018-03-16 11:17:54,2018-03-16 00:00:00,36,孙浩,,,,1.5,5.6,28.7,,,152,140,,175,195,,龙霞,2018-03-19 13:50:46
长寿站,007141800013,007141800013,聚羧酸高性能减水剂-缓凝型,江苏苏博特新材料股份有限公司,201803-0399,2018-03-21 08:59:51,2018-03-21 00:00:00,36,孙浩,,,,1.5,6.9,33.7,,,155,144,,165,200,,龙霞,2018-04-28 16:25:06
长寿站,007141800014,007141800014,聚羧酸高性能减水剂-缓凝型,江苏苏博特新材料股份有限公司,201803-0766,2018-03-27 08:32:05,2018-03-27 00:00:00,36,江超,,,,1.5,5.9,29.9,,,153,141,,165,190,,龙霞,2018-04-28 16:25:38
长寿站,007141800015,007141800015,聚羧酸高性能减水剂-缓凝型,江苏苏博特新材料股份有限公司,201804-0018,2018-04-03 12:26:51,2018-04-03 00:00:00,36,孙浩,,,,1.5,6,30.1,,,153,141,,170,230,,龙霞,2018-06-01 08:48:56
长寿站,007141800016,007141800016,聚羧酸高性能减水剂-缓凝型,江苏苏博特新材料股份有限公司,201804-0566,2018-04-09 10:24:19,2018-04-09 00:00:00,36,孙浩,,,,1.5,5.8,29.4,,,152,141,,170,215,,龙霞,2018-06-01 08:49:17
长寿站,007141800017,007141800017,聚羧酸高性能减水剂-缓凝型,江苏苏博特新材料股份有限公司,201804-0886,2018-04-14 09:50:46,2018-04-14 00:00:00,36,杨帆,,,,1.5,6.1,30.4,,,153,142,,185,230,,龙霞,2018-06-01 08:49:34
长寿站,007141800018,007141800018,聚羧酸高性能减水剂-缓凝型,江苏苏博特新材料股份有限公司,201804-1322,2018-04-20 07:34:11,2018-04-20 00:00:00,36,杨帆,,,,1.5,6.1,30.4,,,153,142,,155,240,,龙霞,2018-06-01 08:49:51
长寿站,007141800019,007141800019,聚羧酸高性能减水剂-缓凝型,江苏苏博特新材料股份有限公司,201804-1656,2018-04-25 10:08:17,2018-04-25 00:00:00,36,杨帆,,,,1.5,5.5,28.2,,,152,140,,165,210,,龙霞,2018-06-01 08:50:07
大渡口站,012141800001,012141800001,聚羧酸高性能减水剂-缓凝型,江苏苏博特新材料股份有限公司,201712-1686,2018-01-01 23:17:43,2018-01-01 00:00:00,32,陈馨,,,,1.5,6.6,32.4,,,154,143,,120,205,,卢燕,2018-03-07 15:55:09
大渡口站,012141800003,012141800003,聚羧酸高性能减水剂-缓凝型,江苏苏博特新材料股份有限公司,2018-0168,2018-01-06 07:13:09,2018-01-06 00:00:00,34,陈馨,,,,1.5,6.3,31.5,,,154,142,,110,215,,卢燕,2018-03-08 08:41:58
大渡口站,012141800006,012141800005,聚羧酸高性能减水剂-缓凝型,江苏苏博特新材料股份有限公司,/,2018-01-11 06:55:48,2018-01-11 00:00:00,34,陈馨,,,,1.5,6.6,33.6,,,155,143,,165,205,,卢燕,2018-03-08 08:42:32
大渡口站,012141800009,012141800008,聚羧酸高性能减水剂-缓凝型,江苏苏博特新材料股份有限公司,201801-0002,2018-01-15 07:10:41,2018-01-15 00:00:00,33,陈馨,,,,1.5,6.2,30.9,,,153,142,,165,225,,卢燕,2018-03-08 08:43:25
大渡口站,012141800011,012141800010,聚羧酸高性能减水剂-缓凝型,江苏苏博特新材料股份有限公司,/,2018-01-21 06:30:49,2018-01-21 00:00:00,33,陈馨,,,,1.5,6,30,,,153,141,,180,215,,卢燕,2018-03-08 08:43:59
大渡口站,012141800013,012141800012,聚羧酸高性能减水剂-缓凝型,江苏苏博特新材料股份有限公司,/,2018-01-23 07:06:28,2018-01-23 00:00:00,44,陈馨,,,,1.5,6.2,31.1,,,154,142,,115,215,,卢燕,2018-03-08 08:44:29
大渡口站,012141800014,012141800013,聚羧酸高性能减水剂-缓凝型,江苏苏博特新材料股份有限公司,/,2018-01-25 07:04:37,2018-01-25 00:00:00,35,陈馨,,,,1.5,6.2,31.1,,,154,142,,130,215,,卢燕,2018-03-08 08:44:44
大渡口站,012141800017,012141800016,聚羧酸高性能减水剂-缓凝型,江苏苏博特新材料股份有限公司,、,2018-01-31 09:10:23,2018-01-31 00:00:00,32,陈馨,,,,1.5,5.6,28.5,,,152,140,,120,225,,卢燕,2018-03-08 08:46:05
南部公司,015141800001,015141800001,聚羧酸高性能减水剂-标准型,重庆汇典建材有限公司,01801001-1,2018-01-03 08:36:14,2018-01-03 00:00:00,33,刘道胜,,,,1.5,6.2,31.1,,174,154,142,,,,,詹静,2018-03-21 11:57:34
南部公司,015141800003,015141800003,聚羧酸高性能减水剂-标准型,重庆汇典建材有限公司,01801006-1,2018-01-06 07:46:55,2018-01-06 00:00:00,33,刘道胜,,,,1.5,6.2,31.1,,174,154,142,,,,,詹静,2018-03-21 11:58:05
南部公司,015141800005,015141800005,聚羧酸高性能减水剂-标准型,重庆汇典建材有限公司,018010012-1,2018-01-12 13:44:45,2018-01-12 00:00:00,33,刘道胜,,,,1.5,5.7,28.9,,172,152,140,,,,,詹静,2018-03-21 12:00:06
南部公司,015141800007,015141800007,聚羧酸高性能减水剂-标准型,重庆汇典建材有限公司,018010017,2018-01-17 12:20:34,2018-01-17 00:00:00,33,周龙龙,,,,1.5,6.7,32.8,,175,155,144,,,,,詹静,2018-03-21 12:00:32
南部公司,015141800009,015141800009,聚羧酸高性能减水剂-标准型,重庆汇典建材有限公司,01801022-1,2018-01-22 08:09:45,2018-01-22 00:00:00,33,周龙龙,,,,1.5,6.7,32.8,,175,155,144,,,,,詹静,2018-03-21 12:00:55
南部公司,015141800011,015141800011,聚羧酸高性能减水剂-标准型,重庆汇典建材有限公司,018010026,2018-01-26 10:25:20,2018-01-26 00:00:00,33,周龙龙,,,,1.5,6.9,33.8,,175,155,144,,,,,詹静,2018-03-21 12:01:29
南部公司,015141800013,015141800013,聚羧酸高性能减水剂-标准型,重庆汇典建材有限公司,018010031-1,2018-02-01 07:58:30,2018-02-01 00:00:00,33,周龙龙,,,,1.5,6.4,33.8,,174,154,143,,,,,詹静,2018-03-21 12:18:43
南部公司,015141800015,015141800015,聚羧酸高性能减水剂-标准型,重庆汇典建材有限公司,0180205-1,2018-02-05 08:05:07,2018-02-05 00:00:00,33,周龙龙,,,,1.5,6.4,31.6,,174,154,143,,,,,詹静,2018-03-21 12:19:21
南部公司,015141800017,015141800017,聚羧酸高性能减水剂-标准型,重庆汇典建材有限公司,0180207,2018-02-07 08:23:42,2018-02-07 00:00:00,33,周龙龙,,,,1.5,6.6,32.6,,175,155,143,,,,,詹静,2018-03-21 12:20:01
南部公司,015141800019,015141800018,聚羧酸高性能减水剂-标准型,重庆汇典建材有限公司,0180309-1,2018-03-09 07:50:02,2018-03-09 00:00:00,43,周龙龙,,,,1.5,5.8,29.4,,172,152,141,,,,,詹静,2018-05-18 10:27:15
南部公司,015141800023,015141800023,聚羧酸高性能减水剂-标准型,重庆汇典建材有限公司,01803016-1,2018-03-16 07:40:27,2018-03-16 00:00:00,33,周龙龙,,,,1.5,6.2,30.9,,173,153,142,,,,,詹静,2018-05-18 10:27:41
南部公司,015141800025,015141800025,聚羧酸高性能减水剂-标准型,重庆汇典建材有限公司,01803019-1,2018-03-19 07:31:27,2018-03-19 00:00:00,33,刘道胜,,,,1.5,5.7,28.8,,172,152,140,,,,,詹静,2018-05-18 10:28:11
南部公司,015141800028,015141800028,聚羧酸高性能减水剂-标准型,重庆汇典建材有限公司,01803027-1,2018-03-27 07:49:27,2018-03-27 00:00:00,38,刘道胜,,,,1.5,5.9,29.8,,173,153,141,,,,,詹静,2018-05-18 10:28:41
南部公司,015141800031,015141800031,聚羧酸高性能减水剂-缓凝型,重庆汇典建材有限公司,0180405-1,2018-04-05 07:22:14,2018-04-05 00:00:00,42,周龙龙,,,,1.5,5.5,28.2,,,152,140,,145,220,,詹静,2018-06-21 10:37:01
南部公司,015141800034,015141800034,聚羧酸高性能减水剂-缓凝型,重庆汇典建材有限公司,01804011-1,2018-04-11 17:27:38,2018-04-11 00:00:00,42,刘道胜,,,,1.5,6.8,33.2,,,155,144,,150,215,,詹静,2018-06-21 10:39:39
南部公司,015141800038,015141800038,聚羧酸高性能减水剂-缓凝型,重庆汇典建材有限公司,01804017-1,2018-04-17 14:16:00,2018-04-17 00:00:00,34,周龙龙,,,,1.5,5.8,29.4,,,152,141,,115,225,,詹静,2018-06-21 10:40:47
南部公司,015141800040,015141800040,聚羧酸高性能减水剂-缓凝型,重庆汇典建材有限公司,01804020-1,2018-04-20 12:55:22,2018-04-20 00:00:00,34,李凡,,,,1.5,5.8,29.4,,,152,141,,140,235,,詹静,2018-06-21 10:41:14
南部公司,015141800042,015141800042,聚羧酸高性能减水剂-缓凝型,重庆汇典建材有限公司,01804027-1,2018-04-27 06:58:47,2018-04-27 00:00:00,32,罗广学,,,,1.5,6.3,31.5,,,154,142,,100,245,,詹静,2018-06-21 10:43:26
南部公司,015141800044,015141800044,聚羧酸高性能减水剂-缓凝型,重庆汇典建材有限公司,01804030-1,2018-04-30 07:49:21,2018-04-30 00:00:00,31,刘道胜,,,,1.5,5.5,28.1,,,152,140,,95,200,,詹静,2018-06-21 10:44:47
寸滩站,023141800002,023141800002,聚羧酸高性能减水剂-缓凝型,江苏苏博特新材料股份有限公司,PCA I-12-201801-0016,2018-01-03 06:26:33,2018-01-06 00:00:00,33,朱文武,,,,1.5,6.6,32.5,,,155,143,,160,235,,高洁,2018-03-02 16:04:39
寸滩站,023141800003,023141800003,聚羧酸高性能减水剂-缓凝型,江苏苏博特新材料股份有限公司,PCA I-12-201801-0116,2018-01-05 08:27:21,2018-01-06 00:00:00,34,朱文武,,,,1.5,6.8,33.5,,,155,144,,135,245,,高洁,2018-03-02 16:04:49
寸滩站,023141800004,023141800004,聚羧酸高性能减水剂-缓凝型,江苏苏博特新材料股份有限公司,PCA I-12-201701-0128,2018-01-06 09:46:57,2018-01-06 00:00:00,33,朱文武,,,,1.5,5.7,29,,,152,140,,150,205,,陈尚林,2018-03-02 15:51:35
寸滩站,023141800005,023141800005,聚羧酸高性能减水剂-缓凝型,江苏苏博特新材料股份有限公司,PCA I-12-201801-0199,2018-01-07 09:29:09,2018-01-12 00:00:00,33,朱文武,,,,1.5,6.9,33.7,,,155,144,,135,200,,高洁,2018-03-02 16:09:02
寸滩站,023141800006,023141800006,聚羧酸高性能减水剂-缓凝型,江苏苏博特新材料股份有限公司,PCA I-12-201801-0330,2018-01-08 16:05:45,2018-01-12 00:00:00,33,朱文武,,,,1.5,6.6,32.5,,,155,143,,115,240,,陈尚林,2018-03-02 15:53:16
寸滩站,023141800007,023141800007,聚羧酸高性能减水剂-缓凝型,江苏苏博特新材料股份有限公司,PCA I-12-201801-0369,2018-01-09 17:09:26,2018-01-12 00:00:00,32,朱文武,,,,1.5,5.6,28.6,,,152,140,,110,230,,陈尚林,2018-03-02 15:54:23
寸滩站,023141800008,023141800008,聚羧酸高性能减水剂-缓凝型,江苏苏博特新材料股份有限公司,PCA I-12-201801-0386,2018-01-10 13:55:46,2018-01-19 00:00:00,32,朱文武,,,,1.5,6.5,32.1,,,154,143,,110,230,,高洁,2018-03-02 16:05:01
寸滩站,023141800009,023141800009,聚羧酸高性能减水剂-缓凝型,江苏苏博特新材料股份有限公司,PCA I-12-201801-0448,2018-01-11 19:01:43,2018-01-19 00:00:00,32,朱文武,,,,1.5,6.2,31,,,154,142,,155,230,,陈尚林,2018-03-02 15:56:08
寸滩站,023141800010,023141800010,聚羧酸高性能减水剂-缓凝型,江苏苏博特新材料股份有限公司,PCA I-12-201801-0508,2018-01-12 20:38:36,2018-01-19 00:00:00,32,朱文武,,,,1.5,6.7,33.1,,,155,144,,125,245,,陈尚林,2018-03-02 15:56:38
寸滩站,023141800011,023141800011,聚羧酸高性能减水剂-缓凝型,江苏苏博特新材料股份有限公司,PCA I-12-201801-0586,2018-01-14 09:35:29,2018-01-19 00:00:00,32,朱文武,,,,1.5,5.9,29.8,,,153,141,,135,205,,陈尚林,2018-03-02 15:57:19
寸滩站,023141800012,023141800012,聚羧酸高性能减水剂-缓凝型,江苏苏博特新材料股份有限公司,PCA I-12-201801-0616,2018-01-15 17:21:02,2018-01-19 00:00:00,32,朱文武,,,,1.5,6.2,31,,,154,142,,175,190,,陈尚林,2018-03-02 15:58:36
寸滩站,023141800013,023141800013,聚羧酸高性能减水剂-缓凝型,山西桑穆斯建材化工有限公司（轨道十号线甲供）,18-01-01,2018-01-16 06:31:21,2018-01-19 00:00:00,37,朱文武,,,,1.5,5.5,28.3,,,152,140,,170,230,,陈尚林,2018-03-02 15:59:16
寸滩站,023141800014,023141800014,聚羧酸高性能减水剂-缓凝型,江苏苏博特新材料股份有限公司,PCA I-12-201801-0709,2018-01-17 15:18:38,2018-01-19 00:00:00,33,朱文武,,,,1.5,5.5,28.3,,,152,140,,125,220,,陈尚林,2018-03-02 15:59:51
寸滩站,023141800015,023141800015,聚羧酸高性能减水剂-缓凝型,江苏苏博特新材料股份有限公司,PCA I-12-201801-0789,2018-01-18 19:07:49,2018-01-19 00:00:00,33,朱文武,,,,1.5,6.5,32,,,154,143,,135,230,,陈尚林,2018-03-02 16:00:25
寸滩站,023141800016,023141800016,聚羧酸高性能减水剂-缓凝型,江苏苏博特新材料股份有限公司,PCA I-12-201801-0809,2018-01-20 19:55:33,2018-01-25 00:00:00,31,朱文武,,,,1.5,6.1,30.5,,,153,142,,125,195,,陈尚林,2018-03-02 16:01:33
寸滩站,023141800017,023141800017,聚羧酸高性能减水剂-缓凝型,江苏苏博特新材料股份有限公司,PCA I-12-201801-0902,2018-01-22 10:18:30,2018-01-25 00:00:00,32,朱文武,,,,1.5,5.8,29.5,,,153,141,,135,205,,高洁,2018-03-02 16:06:44
寸滩站,023141800018,023141800018,聚羧酸高性能减水剂-缓凝型,江苏苏博特新材料股份有限公司,PCA I-12-201801-1025,2018-01-24 22:34:32,2018-01-25 00:00:00,31,朱文武,,,,1.5,5.8,29.5,,,153,141,,130,230,,陈尚林,2018-03-02 16:02:32
寸滩站,023141800019,023141800019,聚羧酸高性能减水剂-缓凝型,江苏苏博特新材料股份有限公司,PCA I-12-201801-1046,2018-01-25 20:52:28,2018-01-25 00:00:00,32,朱文武,,,,1.5,6.4,31.6,,,154,143,,140,230,,高洁,2018-03-02 16:09:21
寸滩站,023141800021,023141800021,聚羧酸高性能减水剂-缓凝型,江苏苏博特新材料股份有限公司,PCA I-12-201801-1322,2018-01-27 14:25:36,2018-01-29 00:00:00,32,朱多,,,,1.5,6.1,30.6,,,153,142,,150,215,,陈尚林,2018-03-02 16:04:21
寸滩站,023141800022,023141800022,聚羧酸高性能减水剂-缓凝型,江苏苏博特新材料股份有限公司,PCA I-12-201801-1088,2018-01-27 18:30:22,2018-01-29 00:00:00,32,朱多,,,,1.5,5.7,28.9,,,152,140,,140,200,,陈尚林,2018-03-02 16:04:49
寸滩站,023141800023,023141800023,聚羧酸高性能减水剂-缓凝型,江苏苏博特新材料股份有限公司,PCA I-12-201801-1168,2018-01-28 16:22:22,2018-01-29 00:00:00,33,朱多,,,,1.5,6.7,32.8,,,155,144,,180,230,,高洁,2018-03-02 16:09:55
寸滩站,023141800027,023141800027,聚羧酸高性能减水剂-缓凝型,江苏苏博特新材料股份有限公司,PCAI-12-201802-0060,2018-02-03 20:05:46,2018-02-04 00:00:00,31,朱文武,,,,1.5,6.2,30.8,,,153,142,,130,215,,高洁,2018-03-12 11:07:30
寸滩站,023141800028,023141800028,聚羧酸高性能减水剂-缓凝型,江苏苏博特新材料股份有限公司,PCA I-12-201802-0078,2018-02-04 13:38:14,2018-02-04 00:00:00,33,陈国君,,,,1.5,6.3,31.4,,,154,142,,140,220,,高洁,2018-04-13 09:16:40
寸滩站,023141800030,023141800030,聚羧酸高性能减水剂-缓凝型,江苏苏博特新材料股份有限公司,PCA I-12-201802-0127,2018-02-06 19:13:33,2018-02-06 00:00:00,33,朱文武,,,,1.5,6.8,33.2,,,155,144,,105,205,,高洁,2018-04-13 09:17:08
寸滩站,023141800031,023141800031,聚羧酸高性能减水剂-缓凝型,江苏苏博特新材料股份有限公司,PCA I-12-201802-0133,2018-02-08 18:41:43,2018-02-08 00:00:00,34,朱多,,,,1.5,6.4,31.7,,,154,143,,140,240,,陈尚林,2018-03-28 12:36:39
寸滩站,023141800033,023141800033,聚羧酸高性能减水剂-缓凝型,江苏苏博特新材料股份有限公司,PCA I-12-201802-0269,2018-02-10 16:54:34,2018-02-10 00:00:00,34,朱文武,,,,1.5,5.7,29.1,,,152,140,,165,235,,陈尚林,2018-03-28 12:37:43
寸滩站,023141800035,023141800035,聚羧酸高性能减水剂-缓凝型,江苏苏博特新材料股份有限公司,PCA I-12-201803-0036,2018-03-04 16:59:52,2018-03-04 00:00:00,34,朱多,,,,1.5,6.8,33.5,,,155,144,,135,205,,陈尚林,2018-03-28 12:38:40
寸滩站,023141800036,023141800036,聚羧酸高性能减水剂-缓凝型,江苏苏博特新材料股份有限公司,PCA I-12-201803-0076,2018-03-09 12:33:54,2018-03-09 00:00:00,33,朱文武,,,,1.5,6.2,31.1,,,154,142,,110,200,,高洁,2018-03-28 15:55:49
寸滩站,023141800037,023141800037,聚羧酸高性能减水剂-缓凝型,江苏苏博特新材料股份有限公司,PCA I-12-201803-0168,2018-03-11 11:18:44,2018-03-11 00:00:00,34,朱文武,,,,1.5,5.8,29.4,,,152,141,,165,215,,陈尚林,2018-03-28 12:39:57
寸滩站,023141800038,023141800038,聚羧酸高性能减水剂-缓凝型,江苏苏博特新材料股份有限公司,PCA I-12-201803-0188,2018-03-12 12:21:36,2018-03-12 00:00:00,33,朱文武,,,,1.5,5.6,28.4,,,152,140,,140,230,,高洁,2018-03-28 15:56:10
寸滩站,023141800039,023141800039,聚羧酸高性能减水剂-缓凝型,江苏苏博特新材料股份有限公司,PCA I-12-201803-0226,2018-03-13 16:02:26,2018-03-13 00:00:00,34,朱文武,,,,1.5,6.1,30.5,,,153,142,,115,220,,高洁,2018-03-28 15:56:26
寸滩站,023141800040,023141800040,聚羧酸高性能减水剂-缓凝型,山西桑穆斯建材化工有限公司（轨道十号线甲供）,PCA I-12-201803-0256,2018-03-14 23:19:51,2018-03-15 00:00:00,32,朱文武,,,,1.5,6,30.3,,,153,141,,160,255,,高洁,2018-04-16 16:17:36
寸滩站,023141800041,023141800041,聚羧酸高性能减水剂-缓凝型,江苏苏博特新材料股份有限公司,PCA I-12-201803-0256,2018-03-15 12:23:54,2018-03-16 00:00:00,32,朱文武,,,,1.5,6.5,32.1,,,154,143,,145,245,,高洁,2018-04-16 16:17:46
寸滩站,023141800042,023141800042,聚羧酸高性能减水剂-缓凝型,江苏苏博特新材料股份有限公司,PCA I-12-201803-0356,2018-03-16 17:14:39,2018-03-17 00:00:00,33,朱文武,,,,1.5,6.2,31.1,,,154,142,,150,235,,高洁,2018-04-16 16:15:33
寸滩站,023141800043,023141800043,聚羧酸高性能减水剂-缓凝型,江苏苏博特新材料股份有限公司,PCA I-12-201803-0388,2018-03-17 17:16:32,2018-03-18 00:00:00,34,朱文武,,,,1.5,6.8,33.3,,,155,144,,100,235,,高洁,2018-04-16 16:15:52
寸滩站,023141800045,023141800045,聚羧酸高性能减水剂-缓凝型,江苏苏博特新材料股份有限公司,PCA I-12-201803-0506,2018-03-20 15:25:19,2018-03-21 00:00:00,34,朱文武,,,,1.5,6,30.1,,,153,141,,115,220,,高洁,2018-04-23 16:48:21
寸滩站,023141800046,023141800046,聚羧酸高性能减水剂-缓凝型,江苏苏博特新材料股份有限公司,PCA I-12-201803-0566,2018-03-22 13:17:11,2018-03-23 00:00:00,34,朱多,,,,1.5,5.6,28.6,,,152,140,,150,200,,高洁,2018-04-23 16:49:18
寸滩站,023141800047,023141800047,聚羧酸高性能减水剂-标准型,江苏苏博特新材料股份有限公司,PCA I-12-201803-0567,2018-03-23 19:15:49,2018-03-23 00:00:00,34,朱文武,,,,1.5,6.5,33.3,,175,155,144,,100,230,,陈元国,2018-04-20 11:23:26
寸滩站,023141800048,023141800048,聚羧酸高性能减水剂-缓凝型,江苏苏博特新材料股份有限公司,PCA I-12-201803-0598,2018-03-24 17:05:57,2018-03-25 00:00:00,34,朱文武,,,,1.5,6.3,31.3,,,154,142,,95,220,,高洁,2018-04-23 16:49:39
寸滩站,023141800050,023141800050,聚羧酸高性能减水剂-缓凝型,江苏苏博特新材料股份有限公司,PCA I-12-201803-0626,2018-03-25 13:14:07,2018-03-25 00:00:00,34,朱文武,,,,1.5,6.5,32.2,,117,154,142,,110,230,,高洁,2018-04-23 16:49:28
寸滩站,023141800051,023141800051,聚羧酸高性能减水剂-缓凝型,江苏苏博特新材料股份有限公司,PCA I-12-201803-0788,2018-03-27 10:25:13,2018-03-28 00:00:00,35,朱文武,,,,1.5,6.5,32.5,,111,155,131,,155,240,,陈元国,2018-04-24 04:34:43
寸滩站,023141800052,023141800052,聚羧酸高性能减水剂-缓凝型,江苏苏博特新材料股份有限公司,PCA I-12-201803-0918,2018-03-28 13:53:41,2018-03-29 00:00:00,34,朱文武,,,,1.5,6.6,32.5,,,155,143,,130,225,,高洁,2018-04-23 16:50:51
寸滩站,023141800053,023141800053,聚羧酸高性能减水剂-缓凝型,江苏苏博特新材料股份有限公司,PCA I-12-201803-0968,2018-03-30 09:17:26,2018-03-31 00:00:00,35,朱文武,,,,1.5,5.8,29.5,,,153,141,,150,240,,高洁,2018-05-07 10:29:14
寸滩站,023141800054,023141800054,聚羧酸高性能减水剂-缓凝型,江苏苏博特新材料股份有限公司,PCA I-12-201803-0988,2018-03-31 13:22:17,2018-04-01 00:00:00,34,朱文武,,,,1.5,6.4,31.9,,,154,143,,140,215,,高洁,2018-05-07 10:32:30
寸滩站,023141800055,023141800055,聚羧酸高性能减水剂-缓凝型,江苏苏博特新材料股份有限公司,PCA I-12-201804-0016,2018-04-02 16:12:19,2018-04-03 00:00:00,34,朱文武,,,,1.5,5.5,28,,,152,140,,165,225,,高洁,2018-05-07 10:32:47
寸滩站,023141800056,023141800056,聚羧酸高性能减水剂-缓凝型,江苏苏博特新材料股份有限公司,PCA I-12-201804-0076,2018-04-04 09:44:28,2018-04-05 00:00:00,34,朱文武,,,,1.5,6.7,33.1,,,155,144,,120,205,,高洁,2018-05-07 10:33:19
寸滩站,023141800057,023141800057,聚羧酸高性能减水剂-缓凝型,江苏苏博特新材料股份有限公司,PCA I-12-201804-0106,2018-04-05 15:20:37,2018-04-06 00:00:00,32,朱文武,,,,1.5,5.8,29.2,,,152,141,,125,225,,高洁,2018-05-07 10:33:44
寸滩站,023141800058,023141800058,聚羧酸高性能减水剂-缓凝型,江苏苏博特新材料股份有限公司,PCA I-12-201804-0186,2018-04-06 20:18:46,2018-04-07 00:00:00,32,朱文武,,,,1.5,6.3,31.4,,,154,142,,115,240,,高洁,2018-05-07 10:34:23
寸滩站,023141800059,023141800059,聚羧酸高性能减水剂-标准型,江苏苏博特新材料股份有限公司,PCA I-12-201804-0606,2018-04-10 14:01:26,2018-04-10 00:00:00,35,朱多,,,,1.5,6.7,33.1,,175,155,144,,,,,李健,2018-04-23 09:41:58
寸滩站,023141800060,023141800060,聚羧酸高性能减水剂-缓凝型,江苏苏博特新材料股份有限公司,PCA I-12-201804-0666,2018-04-11 13:39:48,2018-04-12 00:00:00,36,陈国君,,,,1.5,6.4,31.6,,,154,143,,135,205,,高洁,2018-05-11 15:50:45
寸滩站,023141800061,023141800061,聚羧酸高性能减水剂-缓凝型,江苏苏博特新材料股份有限公司,PCA -12-201804-0768,2018-04-12 17:20:12,2018-04-13 00:00:00,34,朱多,,,,1.5,6.5,32.3,,,154,143,,165,235,,高洁,2018-05-23 10:32:50
寸滩站,023141800062,023141800062,聚羧酸高性能减水剂-缓凝型,江苏苏博特新材料股份有限公司,PCA I-12-201804-0883,2018-04-13 19:40:39,2018-04-14 00:00:00,34,朱多,,,,1.5,6.9,33.8,,,155,144,,150,230,,高洁,2018-05-23 10:31:52
寸滩站,023141800063,023141800063,聚羧酸高性能减水剂-缓凝型,江苏苏博特新材料股份有限公司,PCA I-12-201804-0968,2018-04-15 15:40:41,2018-04-16 00:00:00,33,陈国君,,,,1.5,6.4,31.6,,,154,143,,115,215,,高洁,2018-05-23 10:32:34
寸滩站,023141800064,023141800064,聚羧酸高性能减水剂-缓凝型,江苏苏博特新材料股份有限公司,PCA I-12-201804-1112,2018-04-17 17:05:44,2018-04-18 00:00:00,36,朱多,,,,1.5,6.1,30.4,,,153,142,,170,200,,高洁,2018-05-23 10:33:17
寸滩站,023141800066,023141800066,聚羧酸高性能减水剂-缓凝型,江苏苏博特新材料股份有限公司,PCA I-12-201804-1134,2018-04-18 14:45:22,2018-04-19 00:00:00,36,朱多,,,,1.5,6.3,31.4,,,154,142,,145,200,,高洁,2018-05-23 10:34:11
寸滩站,023141800067,023141800067,聚羧酸高性能减水剂-缓凝型,江苏苏博特新材料股份有限公司,PCA I-12-201804-1226,2018-04-20 11:58:27,2018-04-21 00:00:00,32,朱多,,,,1.5,5.8,29.3,,,152,141,,135,210,,高洁,2018-05-23 10:34:34
寸滩站,023141800068,023141800068,聚羧酸高性能减水剂-缓凝型,江苏苏博特新材料股份有限公司,PCA I-12-201804-1336,2018-04-21 10:24:24,2018-04-22 00:00:00,36,朱多,,,,1.5,6.7,33.1,,,155,144,,135,210,,高洁,2018-05-23 10:34:52
寸滩站,023141800069,023141800069,聚羧酸高性能减水剂-缓凝型,江苏苏博特新材料股份有限公司,PCA I-12-201804-1346,2018-04-21 18:53:44,2018-04-22 00:00:00,35,朱多,,,,1.5,5.5,28.1,,,152,140,,100,210,,高洁,2018-05-23 10:35:07
寸滩站,023141800070,023141800070,聚羧酸高性能减水剂-缓凝型,江苏苏博特新材料股份有限公司,PCA I-12-201804-1508,2018-04-23 19:51:55,2018-04-24 00:00:00,33,陈国君,,,,1.5,5.9,29.9,,,155,144,,130,205,,高洁,2018-05-23 10:35:34
寸滩站,023141800072,023141800072,聚羧酸高性能减水剂-缓凝型,江苏苏博特新材料股份有限公司,PCA I-12-201704-1646,2018-04-25 00:46:37,2018-04-26 00:00:00,33,朱多,,,,1.5,6.3,31.4,,,154,142,,130,210,,高洁,2018-05-28 14:44:12
寸滩站,023141800074,023141800073,聚羧酸高性能减水剂-缓凝型,江苏苏博特新材料股份有限公司,PCA I-12-201804-1716,2018-04-26 09:15:46,2018-04-27 00:00:00,36,朱多,,,,1.5,6,30.2,,,153,141,,130,215,,高洁,2018-05-28 14:44:35
寸滩站,023141800075,023141800075,聚羧酸高性能减水剂-缓凝型,江苏苏博特新材料股份有限公司,PCA I-12-201804-1823,2018-04-27 17:55:57,2018-04-28 00:00:00,34,朱多,,,,1.5,6,30.2,,,153,141,,150,210,,高洁,2018-05-28 14:44:49
寸滩站,023141800077,023141800077,聚羧酸高性能减水剂-缓凝型,江苏苏博特新材料股份有限公司,PCA I-12-201804-1866,2018-04-29 13:58:47,2018-04-30 00:00:00,36,朱多,,,,1.5,5.6,28.7,,,152,140,,115,215,,高洁,2018-06-01 10:00:04
寸滩站,023141800079,023141800079,聚羧酸高性能减水剂-缓凝型,江苏苏博特新材料股份有限公司,PCA I-12-201804-1986,2018-04-30 20:48:55,2018-05-01 00:00:00,36,朱多,,,,1.5,6.6,32.6,,,155,143,,115,245,,高洁,2018-06-01 09:59:31
寸滩站,023141800082,023141800082,聚羧酸高性能减水剂-缓凝型,江苏苏博特新材料股份有限公司,PCA I-12-201805-0109,2018-05-03 17:05:26,2018-05-04 00:00:00,36,朱多,,,,1.5,6.7,33.1,,,155,144,,155,230,,高洁,2018-06-05 16:29:05
寸滩站,023141800084,023141800084,聚羧酸高性能减水剂-缓凝型,江苏苏博特新材料股份有限公司,PCAI-12-201805-0236,2018-05-05 14:45:10,2018-05-05 00:00:00,37,朱多,,,,1.5,5.9,29.6,,,153,141,,130,230,,高洁,2018-06-05 16:29:39
寸滩站,023141800086,023141800086,聚羧酸高性能减水剂-缓凝型,江苏苏博特新材料股份有限公司,PCA I-12-201805-0406,2018-05-08 11:06:36,2018-05-09 00:00:00,36,朱多,,,,1.5,6.1,30.7,,,153,142,,130,225,,高洁,2018-06-15 16:07:23
寸滩站,023141800089,023141800089,聚羧酸高性能减水剂-缓凝型,江苏苏博特新材料股份有限公司,PCA I-12-201805-0466,2018-05-10 13:21:51,2018-05-11 00:00:00,36,陈国君,,,,1.5,5.5,28.2,,,152,140,,100,190,,高洁,2018-06-15 16:06:10
寸滩站,023141800091,023141800091,聚羧酸高性能减水剂-缓凝型,江苏苏博特新材料股份有限公司,PCA I-12-201805-0628,2018-05-12 16:38:14,2018-05-13 00:00:00,36,朱多,,,,1.5,5.8,29.3,,,152,141,,125,195,,高洁,2018-06-15 16:06:25
寸滩站,023141800092,023141800092,聚羧酸高性能减水剂-缓凝型,江苏苏博特新材料股份有限公司,PCA I-12-201805-0646,2018-05-13 00:48:52,2018-05-14 00:00:00,35,朱多,,,,1.5,6.3,31.5,,,154,142,,140,220,,高洁,2018-06-15 16:06:55
寸滩站,023141800094,023141800094,聚羧酸高性能减水剂-缓凝型,江苏苏博特新材料股份有限公司,PCA I-12-201805-0837,2018-05-14 16:33:29,2018-05-15 00:00:00,36,陈国君,,,,1.5,6.9,33.7,,,155,144,,170,245,,高洁,2018-06-15 16:07:36
寸滩站,023141800095,023141800095,聚羧酸高性能减水剂-缓凝型,江苏苏博特新材料股份有限公司,PCA  I-12-201805-0878,2018-05-15 12:52:37,2018-05-16 00:00:00,31,朱多,,,,1.5,6.6,32.7,,,155,143,,110,225,,高洁,2018-06-15 16:05:13
回龙坝站,041141800004,041141800004,聚羧酸高性能减水剂-缓凝型,重庆三圣实业股份有限公司,P1815-009,2018-01-05 17:06:53,2018-01-06 00:00:00,40,邓孝容,,,,1.5,6.1,30.5,,,153,142,,140,205,,冷莉,2018-03-05 12:50:30
回龙坝站,041141800005,041141800005,聚羧酸高性能减水剂-缓凝型,重庆汇典建材有限公司,018001007-1,2018-01-07 07:31:44,2018-01-08 00:00:00,31,邓孝容,,,,1.5,6.4,31.7,,,154,143,,150,220,,冷莉,2018-03-05 12:50:55
回龙坝站,041141800008,041141800008,聚羧酸高性能减水剂-缓凝型,重庆三圣实业股份有限公司,P1815-010,2018-01-11 13:25:22,2018-01-12 00:00:00,35,邓孝容,,,,1.5,6.7,32.8,,,155,144,,140,230,,冷莉,2018-03-05 12:51:33
回龙坝站,041141800011,041141800011,聚羧酸高性能减水剂-缓凝型,重庆三圣实业股份有限公司,P1815-020,2018-01-14 13:37:58,2018-01-15 00:00:00,40,邓孝容,,,,1.5,5.7,29,,,152,140,,160,210,,冷莉,2018-03-05 12:52:07
回龙坝站,041141800017,041141800017,聚羧酸高性能减水剂-缓凝型,重庆三圣实业股份有限公司,P1815-020,2018-01-19 14:15:41,2018-01-20 00:00:00,32,邓孝容,,,,1.5,6,30.2,,,153,141,,130,205,,冷莉,2018-03-05 12:52:51
回龙坝站,041141800019,041141800019,聚羧酸高性能减水剂-缓凝型,重庆汇典建材有限公司,/,2018-01-20 09:22:13,2018-01-21 00:00:00,40,邓孝容,,,,1.5,6.5,32.3,,,154,143,,165,215,,冷莉,2018-03-05 12:53:11
回龙坝站,041141800023,041141800023,聚羧酸高性能减水剂-缓凝型,重庆三圣实业股份有限公司,P1815-027,2018-01-24 13:49:38,2018-01-25 00:00:00,33,邓孝容,,,,1.5,6.8,33.5,,,155,144,,140,195,,冷莉,2018-03-05 12:53:50
回龙坝站,041141800024,041141800024,聚羧酸高性能减水剂-缓凝型,重庆汇典建材有限公司,018010025-1,2018-01-25 15:21:00,2018-01-26 00:00:00,35,邓孝容,,,,1.5,5.9,29.6,,,153,141,,95,195,,冷莉,2018-03-05 12:54:09
回龙坝站,041141800028,041141800028,聚羧酸高性能减水剂-缓凝型,重庆汇典建材有限公司,018010030-1,2018-01-30 12:36:49,2018-01-31 00:00:00,33,邓孝容,,,,1.5,6.2,30.8,,,153,142,,135,215,,冷莉,2018-03-05 12:54:33
回龙坝站,041141800031,041141800031,聚羧酸高性能减水剂-缓凝型,重庆三圣实业股份有限公司,P1813-031,2018-02-01 14:23:14,2018-02-02 00:00:00,38,邓孝容,,,,1.5,6.2,30.9,,,153,142,,105,210,,冷莉,2018-04-03 15:24:15
回龙坝站,041141800033,041141800033,聚羧酸高性能减水剂-缓凝型,重庆汇典建材有限公司,0180202-1,2018-02-02 19:16:09,2018-02-03 00:00:00,33,邓孝容,,,,1.5,6.3,31.5,,,154,142,,125,245,,冷莉,2018-04-03 15:25:42
回龙坝站,041141800036,041141800036,聚羧酸高性能减水剂-缓凝型,重庆汇典建材有限公司,0180205,2018-02-05 15:01:22,2018-02-06 00:00:00,32,邓孝容,,,,1.5,6.9,33.7,,,155,144,,135,205,,冷莉,2018-04-03 15:26:08
回龙坝站,041141800040,041141800040,聚羧酸高性能减水剂-缓凝型,重庆汇典建材有限公司,0180209,2018-02-09 11:35:56,2018-02-10 00:00:00,46,邓孝容,,,,1.5,6.9,33.7,,,155,144,,140,205,,冷莉,2018-04-03 15:26:38
回龙坝站,041141800042,041141800042,聚羧酸高性能减水剂-缓凝型,重庆汇典建材有限公司,01802011,2018-02-11 06:55:09,2018-02-12 00:00:00,33,邓孝容,,,,1.5,6.6,32.7,,,155,143,,165,205,,冷莉,2018-04-03 15:27:14
回龙坝站,041141800044,041141800044,聚羧酸高性能减水剂-缓凝型,重庆汇典建材有限公司,0180307,2018-03-07 07:09:19,2018-03-08 00:00:00,35,邓孝容,,,,1.5,5.5,28,,,152,140,,140,250,,冷莉,2018-04-20 15:03:52
回龙坝站,041141800046,041141800046,聚羧酸高性能减水剂-缓凝型,重庆汇典建材有限公司,01803013-1,2018-03-13 07:22:54,2018-03-14 00:00:00,33,邓孝容,,,,1.5,6,30.3,,,153,141,,110,225,,冷莉,2018-04-20 15:04:22
回龙坝站,041141800048,041141800048,聚羧酸高性能减水剂-缓凝型,重庆三圣实业股份有限公司,P1813-031,2018-03-15 13:13:02,2018-03-16 00:00:00,38,邓孝容,,,,1.5,6.6,32.5,,,155,143,,105,205,,冷莉,2018-04-20 15:05:29
回龙坝站,041141800049,041141800049,聚羧酸高性能减水剂-缓凝型,重庆汇典建材有限公司,0181652-32,2018-03-18 06:57:46,2018-03-19 00:00:00,32,邓孝容,,,,1.5,5.7,29,,,152,140,,115,215,,冷莉,2018-05-25 10:54:31
回龙坝站,041141800053,041141800052,聚羧酸高性能减水剂-缓凝型,重庆汇典建材有限公司,01803021-1,2018-03-21 16:06:16,2018-03-22 00:00:00,34,邓孝容,,,,1.5,6.3,31.5,,,154,142,,130,220,,冷莉,2018-05-25 10:55:35
回龙坝站,041141800056,041141800055,聚羧酸高性能减水剂-缓凝型,重庆汇典建材有限公司,/,2018-03-25 13:04:13,2018-03-26 00:00:00,44,邓孝容,,,,1.5,5.8,29.4,,,152,141,,145,240,,冷莉,2018-05-25 10:58:54
回龙坝站,041141800059,041141800058,聚羧酸高性能减水剂-缓凝型,重庆汇典建材有限公司,01803029-1,2018-03-29 08:32:39,2018-03-31 00:00:00,37,邓孝容,,,,1.5,5.8,29.4,,,152,141,,155,225,,冷莉,2018-05-25 11:01:01
回龙坝站,041141800062,041141800062,聚羧酸高性能减水剂-缓凝型,重庆汇典建材有限公司,0180402-1,2018-04-02 19:17:25,2018-04-03 00:00:00,33,邓孝容,,,,1.5,6.1,30.4,,,153,142,,150,200,,冷莉,2018-05-25 11:01:31
回龙坝站,041141800063,041141800063,聚羧酸高性能减水剂-缓凝型,重庆三圣实业股份有限公司,P1813-081,2018-04-03 06:42:46,2018-04-03 00:00:00,38,邓孝容,,,,1.5,6.5,32.1,,,154,143,,145,230,,冷莉,2018-05-25 11:02:14
回龙坝站,041141800065,041141800065,聚羧酸高性能减水剂-缓凝型,重庆汇典建材有限公司,0180405-1,2018-04-05 15:00:06,2018-04-06 00:00:00,33,邓孝容,,,,1.5,6.2,30.9,,,153,142,,110,205,,冷莉,2018-05-25 11:02:42
回龙坝站,041141800067,041141800067,聚羧酸高性能减水剂-缓凝型,重庆汇典建材有限公司,01804011-1,2018-04-11 06:47:59,2018-04-12 00:00:00,31,邓孝容,,,,1.5,6.2,30.9,,,153,142,,135,230,,冷莉,2018-05-25 11:03:15
回龙坝站,041141800071,041141800071,聚羧酸高性能减水剂-缓凝型,重庆汇典建材有限公司,01804015-1,2018-04-15 11:28:19,2018-04-16 00:00:00,35,邓孝容,,,,1.5,6.4,31.9,,,154,143,,100,230,,冷莉,2018-05-25 11:03:41
回龙坝站,041141800076,041141800076,聚羧酸高性能减水剂-缓凝型,重庆汇典建材有限公司,01804018-1,2018-04-19 06:57:56,2018-04-20 00:00:00,31,金超,,,,1.5,6.2,30.9,,,153,142,,130,220,,冷莉,2018-06-21 09:37:26
回龙坝站,041141800078,041141800078,聚羧酸高性能减水剂-缓凝型,重庆汇典建材有限公司,01804023-1,2018-04-23 06:40:48,2018-04-24 00:00:00,32,邓孝容,,,,1.5,5.8,29.4,,,152,141,,180,245,,冷莉,2018-06-21 09:39:59
回龙坝站,041141800080,041141800080,聚羧酸高性能减水剂-缓凝型,重庆汇典建材有限公司,0180426-1,2018-04-26 15:38:19,2018-04-27 00:00:00,44,邓孝容,,,,1.5,5.6,28.5,,,152,140,,130,225,,冷莉,2018-06-21 09:38:28
回龙坝站,041141800083,041141800083,聚羧酸高性能减水剂-缓凝型,重庆汇典建材有限公司,01804030-1,2018-04-30 20:36:09,2018-05-01 00:00:00,41,邓孝容,,,,1.5,6.1,30.6,,,153,142,,135,205,,冷莉,2018-06-21 09:38:48
回龙坝站,041141800085,041141800085,聚羧酸高性能减水剂-缓凝型,重庆汇典建材有限公司,0180504-1,2018-05-04 10:51:20,2018-05-05 00:00:00,31,金超,,,,1.5,6.7,32.8,,,155,144,,140,225,,冷莉,2018-06-21 09:39:12
回龙坝站,041141800087,041141800087,聚羧酸高性能减水剂-缓凝型,重庆汇典建材有限公司,0180507-1,2018-05-07 06:27:30,2018-05-08 00:00:00,40,邓孝容,,,,1.5,6.7,32.8,,,155,144,,175,210,,冷莉,2018-06-21 09:40:31
回龙坝站,041141800092,041141800092,聚羧酸高性能减水剂-缓凝型,重庆汇典建材有限公司,01805011-1,2018-05-11 10:40:06,2018-05-12 00:00:00,41,邓孝容,,,,1.5,6.4,31.8,,,154,143,,140,200,,冷莉,2018-06-21 09:41:58
回龙坝站,041141800096,041141800096,聚羧酸高性能减水剂-缓凝型,重庆汇典建材有限公司,01805013-1,2018-05-13 07:09:57,2018-05-14 00:00:00,45,邓孝容,,,,1.5,6.9,33.9,,,155,144,,165,235,,冷莉,2018-06-21 09:42:26
回龙坝站,041141800097,041141800097,聚羧酸高性能减水剂-缓凝型,重庆汇典建材有限公司,01805014-1,2018-05-14 11:07:51,2018-05-15 00:00:00,48,邓孝容,,,,1.5,6.7,33,,,155,144,,155,235,,冷莉,2018-06-21 09:42:57
南海站,042141800001,042141800001,聚羧酸高性能减水剂-缓凝型,江苏苏博特新材料股份有限公司,PCA Ⅰ-12-201801-0002,2018-01-01 08:32:56,2018-01-01 00:00:00,36,王逸涵,,,,1.5,6.5,32.3,,,154,143,,130,210,,潘洪,2018-03-05 09:15:34
南海站,042141800002,042141800002,聚羧酸高性能减水剂-缓凝型,江苏苏博特新材料股份有限公司,PCA Ⅰ-12-201801-0090,2018-01-04 08:37:10,2018-01-04 00:00:00,36,王逸涵,,,,1.5,6.2,30.8,,,153,142,,110,210,,潘洪,2018-03-05 09:15:52
南海站,042141800003,042141800003,聚羧酸高性能减水剂-缓凝型,江苏苏博特新材料股份有限公司,PCA Ⅰ-12-201801-0198,2018-01-07 08:09:54,2018-01-07 00:00:00,37,王逸涵,,,,1.5,6.7,33,,,155,144,,170,225,,潘洪,2018-03-05 09:16:09
南海站,042141800004,042141800004,聚羧酸高性能减水剂-缓凝型,江苏苏博特新材料股份有限公司,PCA Ⅰ-12-201801-0574,2018-01-10 08:00:16,2018-01-10 00:00:00,36,王逸涵,,,,1.5,6.7,33,,,155,144,,110,215,,潘洪,2018-03-05 09:16:29
南海站,042141800005,042141800005,聚羧酸高性能减水剂-缓凝型,江苏苏博特新材料股份有限公司,PCA Ⅰ-12-201801-0506,2018-01-12 10:29:29,2018-01-12 00:00:00,36,王逸涵,,,,1.5,5.7,29.1,,,152,140,,165,230,,潘洪,2018-03-05 09:16:47
南海站,042141800006,042141800006,聚羧酸高性能减水剂-缓凝型,江苏苏博特新材料股份有限公司,PCA Ⅰ-12-201801-0589,2018-01-14 08:20:30,2018-01-14 00:00:00,36,王逸涵,,,,1.5,5.5,28.1,,,152,140,,110,205,,潘洪,2018-03-05 09:17:03
南海站,042141800007,042141800007,聚羧酸高性能减水剂-缓凝型,江苏苏博特新材料股份有限公司,PCA Ⅰ-12-201801-0628,2018-01-16 08:32:18,2018-01-16 00:00:00,36,王逸涵,,,,1.5,5.5,28.1,,,152,140,,170,205,,潘洪,2018-03-05 09:17:23
南海站,042141800008,042141800008,聚羧酸高性能减水剂-缓凝型,科之杰新材料集团有限公司,S-2017-136#,2018-01-17 10:32:22,2018-01-17 00:00:00,36,王逸涵,,,,1.5,6,30.3,,,153,141,,135,245,,潘洪,2018-03-05 09:17:41
南海站,042141800009,042141800009,聚羧酸高性能减水剂-缓凝型,江苏苏博特新材料股份有限公司,PCA Ⅰ-12-201801-0768,2018-01-18 10:55:38,2018-01-18 00:00:00,36,王逸涵,,,,1.5,5.8,29.3,,,152,141,,170,195,,潘洪,2018-03-05 09:18:05
南海站,042141800010,042141800010,聚羧酸高性能减水剂-缓凝型,江苏苏博特新材料股份有限公司,PCA Ⅰ-12-201801-0789,2018-01-19 08:47:11,2018-01-19 00:00:00,36,王逸涵,,,,1.5,5.8,29.3,,,152,141,,115,250,,潘洪,2018-03-05 09:18:30
南海站,042141800011,042141800011,聚羧酸高性能减水剂-缓凝型,江苏苏博特新材料股份有限公司,PCA Ⅰ-12-201801-0862,2018-01-21 09:45:36,2018-01-21 00:00:00,36,王逸涵,,,,1.5,6.3,31.5,,,154,142,,170,200,,潘洪,2018-03-05 09:18:48
南海站,042141800012,042141800012,聚羧酸高性能减水剂-缓凝型,江苏苏博特新材料股份有限公司,PCA Ⅰ-12-201801-0928,2018-01-24 08:46:22,2018-01-24 00:00:00,36,王逸涵,,,,1.5,6.3,31.5,,,154,142,,185,250,,潘洪,2018-03-05 09:19:06
南海站,042141800013,042141800013,聚羧酸高性能减水剂-缓凝型,江苏苏博特新材料股份有限公司,PCA Ⅰ-12-201801-1066,2018-01-27 08:34:28,2018-01-27 00:00:00,36,王逸涵,,,,1.5,6.9,33.6,,,155,144,,145,245,,潘洪,2018-03-05 09:19:23
南海站,042141800014,042141800014,聚羧酸高性能减水剂-缓凝型,江苏苏博特新材料股份有限公司,PCA Ⅰ-12-201801-1069,2018-01-28 06:42:13,2018-01-28 00:00:00,36,王逸涵,,,,1.5,6.6,32.6,,,155,143,,140,220,,潘洪,2018-03-05 09:19:41
南海站,042141800016,042141800016,聚羧酸高性能减水剂-缓凝型,江苏苏博特新材料股份有限公司,PCA Ⅰ-12-201802-0012,2018-02-02 08:41:26,2018-02-02 00:00:00,36,王逸涵,,,,1.5,5.9,29.8,,,153,141,,105,220,,潘洪,2018-03-29 09:15:31
南海站,042141800017,042141800017,聚羧酸高性能减水剂-缓凝型,江苏苏博特新材料股份有限公司,PCA Ⅰ-12-201802-0088,2018-02-05 09:12:00,2018-02-05 00:00:00,37,王逸涵,,,,1.5,5.7,29.1,,,152,140,,150,220,,潘洪,2018-03-29 09:15:50
南海站,042141800018,042141800018,聚羧酸高性能减水剂-缓凝型,江苏苏博特新材料股份有限公司,PCA Ⅰ-12-201802-0090,2018-02-06 09:12:35,2018-02-06 00:00:00,36,王逸涵,,,,1.5,5.7,29.1,,,152,140,,165,210,,潘洪,2018-03-29 09:16:08
南海站,042141800019,042141800019,聚羧酸高性能减水剂-缓凝型,江苏苏博特新材料股份有限公司,PCA Ⅰ-12-201802-0099,2018-02-08 08:38:15,2018-02-08 00:00:00,36,王逸涵,,,,1.5,6,30.1,,,153,141,,145,230,,潘洪,2018-03-29 09:16:26
南海站,042141800020,042141800020,聚羧酸高性能减水剂-缓凝型,江苏苏博特新材料股份有限公司,PCA Ⅰ-12-201803-0038,2018-03-05 08:31:35,2018-03-05 00:00:00,37,王逸涵,,,,1.5,6,30,,,152,140,,155,235,,潘洪,2018-05-02 09:39:31
南海站,042141800021,042141800021,聚羧酸高性能减水剂-缓凝型,江苏苏博特新材料股份有限公司,PCA Ⅰ-12-201803-0068,2018-03-08 08:32:57,2018-03-08 00:00:00,36,王逸涵,,,,1.5,6.8,33.5,,,155,144,,130,245,,潘洪,2018-05-02 09:39:52
南海站,042141800022,042141800022,聚羧酸高性能减水剂-缓凝型,江苏苏博特新材料股份有限公司,PCA Ⅰ-12-201803-0186,2018-03-11 08:41:05,2018-03-11 00:00:00,36,王逸涵,,,,1.5,5.9,29.7,,,153,141,,165,245,,潘洪,2018-05-02 09:40:10
南海站,042141800023,042141800023,聚羧酸高性能减水剂-缓凝型,江苏苏博特新材料股份有限公司,PCA Ⅰ-12-201803-0236,2018-03-14 09:18:54,2018-03-14 00:00:00,36,王逸涵,,,,1.5,6.4,31.8,,,154,143,,105,240,,潘洪,2018-05-02 09:40:30
南海站,042141800025,042141800025,聚羧酸高性能减水剂-缓凝型,江苏苏博特新材料股份有限公司,PCA Ⅰ-12-201803-0048,2018-03-20 08:48:11,2018-03-20 00:00:00,36,王逸涵,,,,1.5,6.5,32,,,154,143,,140,210,,潘洪,2018-05-02 09:41:21
南海站,042141800026,042141800026,聚羧酸高性能减水剂-缓凝型,江苏苏博特新材料股份有限公司,PCA Ⅰ-12-201803-0526,2018-03-21 08:58:35,2018-03-21 00:00:00,36,王逸涵,,,,1.5,6,30.3,,,153,141,,155,225,,潘洪,2018-05-02 09:41:41
南海站,042141800027,042141800027,聚羧酸高性能减水剂-缓凝型,江苏苏博特新材料股份有限公司,PCA Ⅰ-12-201803-0566,2018-03-23 08:57:07,2018-03-23 00:00:00,36,王逸涵,,,,1.5,5.8,29.3,,,152,141,,115,235,,潘洪,2018-05-02 09:42:04
南海站,042141800028,042141800028,聚羧酸高性能减水剂-缓凝型,江苏苏博特新材料股份有限公司,PCA Ⅰ-12-201803-0601,2018-03-25 09:02:06,2018-03-25 00:00:00,37,王逸涵,,,,1.5,6.3,31.5,,,154,142,,115,210,,潘洪,2018-05-02 09:42:30
南海站,042141800029,042141800029,聚羧酸高性能减水剂-缓凝型,江苏苏博特新材料股份有限公司,PCA Ⅰ-12-201803-0769,2018-03-27 09:25:18,2018-03-27 00:00:00,36,王逸涵,,,,1.5,6.1,30.5,,,153,142,,110,215,,潘洪,2018-05-02 09:42:49
南海站,042141800030,042141800030,聚羧酸高性能减水剂-缓凝型,江苏苏博特新材料股份有限公司,PCA Ⅰ-12-201803-0926,2018-03-28 10:23:49,2018-03-28 00:00:00,36,王逸涵,,,,1.5,6.6,32.7,,,155,143,,155,230,,潘洪,2018-05-02 09:43:09
南海站,042141800031,042141800031,聚羧酸高性能减水剂-缓凝型,江苏苏博特新材料股份有限公司,PCA Ⅰ-12-201804-0006,2018-04-01 09:07:23,2018-04-01 00:00:00,36,王逸涵,,,,1.5,5.5,28.1,,,152,140,,165,205,,潘洪,2018-05-28 10:34:52
南海站,042141800032,042141800032,聚羧酸高性能减水剂-缓凝型,江苏苏博特新材料股份有限公司,PCA Ⅰ-12-201804-0024,2018-04-03 08:53:57,2018-04-03 00:00:00,36,王逸涵,,,,1.5,5.9,29.6,,,153,141,,120,210,,潘洪,2018-05-28 10:35:09
南海站,042141800033,042141800033,聚羧酸高性能减水剂-缓凝型,江苏苏博特新材料股份有限公司,PCA Ⅰ-12-201804-0106,2018-04-05 09:10:09,2018-04-05 00:00:00,36,王逸涵,,,,1.5,5.9,29.6,,,153,141,,140,245,,潘洪,2018-05-28 10:35:31
南海站,042141800034,042141800034,聚羧酸高性能减水剂-缓凝型,江苏苏博特新材料股份有限公司,PCA Ⅰ-12-201804-0426,2018-04-08 08:46:59,2018-04-08 00:00:00,36,王逸涵,,,,1.5,6.8,33.4,,,155,144,,105,245,,潘洪,2018-05-28 10:35:50
南海站,042141800035,042141800035,聚羧酸高性能减水剂-缓凝型,江苏苏博特新材料股份有限公司,PCA Ⅰ-12-201804-0680,2018-04-11 08:54:52,2018-04-11 00:00:00,36,王逸涵,,,,1.5,5.6,28.4,,,152,140,,145,185,,潘洪,2018-05-28 10:36:06
南海站,042141800036,042141800036,聚羧酸高性能减水剂-缓凝型,江苏苏博特新材料股份有限公司,PCA Ⅰ-12-201804-0838,2018-04-13 11:45:35,2018-04-13 00:00:00,36,王逸涵,,,,1.5,5.6,28.4,,,152,140,,135,235,,潘洪,2018-05-28 10:36:23
南海站,042141800037,042141800037,聚羧酸高性能减水剂-缓凝型,江苏苏博特新材料股份有限公司,PCA Ⅰ-12-201804-1039,2018-04-16 13:28:19,2018-04-16 00:00:00,36,王逸涵,,,,1.5,6.5,32.3,,,154,143,,120,240,,潘洪,2018-05-28 10:36:41
南海站,042141800039,042141800039,聚羧酸高性能减水剂-缓凝型,江苏苏博特新材料股份有限公司,PCA Ⅰ-12-201804-1200,2018-04-19 10:43:39,2018-04-19 00:00:00,36,王逸涵,,,,1.5,6,30.1,,,153,141,,130,250,,潘洪,2018-05-28 10:37:24
南海站,042141800040,042141800040,聚羧酸高性能减水剂-缓凝型,江苏苏博特新材料股份有限公司,PCA Ⅰ-12-201804-1316,2018-04-21 09:08:49,2018-04-21 00:00:00,36,王逸涵,,,,1.5,6.2,31.1,,,154,142,,180,230,,潘洪,2018-05-28 10:38:01
南海站,042141800041,042141800041,聚羧酸高性能减水剂-缓凝型,江苏苏博特新材料股份有限公司,PCA Ⅰ-12-201804-1589,2018-04-25 08:34:36,2018-04-25 00:00:00,35,王逸涵,,,,1.5,5.7,28.9,,,152,140,,170,210,,潘洪,2018-05-28 10:38:24
南海站,042141800042,042141800042,聚羧酸高性能减水剂-缓凝型,江苏苏博特新材料股份有限公司,PCA Ⅰ-12-201804-1599,2018-04-26 12:49:50,2018-04-26 00:00:00,36,王逸涵,,,,1.5,5.9,29.9,,,153,141,,105,230,,潘洪,2018-05-28 10:38:50
南海站,042141800043,042141800043,聚羧酸高性能减水剂-缓凝型,江苏苏博特新材料股份有限公司,PCA Ⅰ-12-201804-1829,2018-04-28 08:05:15,2018-04-28 00:00:00,36,王逸涵,,,,1.5,5.9,29.9,,,153,141,,150,210,,潘洪,2018-05-28 10:39:15
